{
    "@context": "http://iiif.io/api/presentation/3/context.json",
    "id": "https://dhoxss.linkedmusic.org/AN1910.234_iiif.json",
    "type": "Manifest",
    "items": [
        {
            "items": [
                {
                    "items": [
                        {
                            "body": {
                                "id": "https://dhoxss.linkedmusic.org/iiif/images/ashmolean/four_sided_prism_seal.jpg"
                            }
                        }
                    ]
                }
            ]
        }
    ]
}