{
    "@context": "http://iiif.io/api/presentation/3/context.json",
    "id": "https://dhoxss.linkedmusic.org/EX24.275_iiif.json",
    "type": "Manifest",
    "items": [
        {
            "items": [
                {
                    "items": [
                        {
                            "body": {
                                "id": "https://dhoxss.linkedmusic.org/iiif/images/ashmolean/ashmolean_snake_goddess_votary.jpg"
                            }
                        }
                    ]
                }
            ]
        }
    ]
}