{
    "@context": "https://linked.art/ns/v1/linked-art.json",
    "id": "http://dhoxss.linkedmusic.org/linked_art/objects/rumble/athenian_tetradrachm.json",
    "type": "HumanMadeObject",
    "shows": [
      {
        "id": "http://dhoxss.linkedmusic.org/linked_art/objects/rumble/athenian_tetradrachm.json",
        "type": "VisualItem",
        "_label": "Athenian Tetradrachm [Visual Content]"
      }
    ],
    "_label": "Athenian Tetradrachm [Physical Object]",
    "identified_by": [
      {
        "type": "Name",
        "content": "Athenian Tetradrachm",
        "language": [
          {
            "id": "https://lux.collections.yale.edu/data/concept/1fda962d-1edc-4fd7-bfa9-0c10e3153449",
            "type": "Language",
            "_label": "English",
            "equivalent": [
              {
                "id": "http://vocab.getty.edu/aat/300388277",
                "type": "Language",
                "_label": "English"
              }
            ]
          }
        ],
        "classified_as": [
          {
            "id": "https://lux.collections.yale.edu/data/concept/f7ef5bb4-e7fb-443d-9c6b-371a23e717ec",
            "type": "Type",
            "_label": "Primary Title",
            "equivalent": [
              {
                "id": "http://vocab.getty.edu/aat/300404670",
                "type": "Type",
                "_label": "Primary Title"
              }
            ]
          }
        ]
      }
    ],
    "subject_of": [
      {
        "type": "LinguisticObject",
        "_label": "IIIF v3 manifest",
        "digitally_carried_by": [
          {
            "type": "DigitalObject",
            "_label": "IIIF v3 manifest",
            "format": "application/ld+json",
            "conforms_to": [
              {
                "id": "http://iiif.io/api/presentation/3/context.json",
                "type": "InformationObject"
              }
            ],
            "access_point": [
              {
                "id": "https://dhoxss.linkedmusic.org/iiif/json/rumble/athenian_tetradrachm_iiif.json",
                "type": "DigitalObject"
              }
            ],
            "identified_by": [
              {
                "type": "Name",
                "content": "IIIF v3 manifest"
              }
            ]
          }
        ]
      }
    ],
    "produced_by": {
        "part": [
          {
            "type": "Production",
            "classified_as": [
              {
                "id": "https://lux.collections.yale.edu/data/concept/0c588aa8-5c67-47af-babb-479b5f05a2b5",
                "type": "Type",
                "_label": "Maker",
                "equivalent": [
                  {
                    "id": "http://vocab.getty.edu/aat/300251917",
                    "type": "Type",
                    "_label": "Maker"
                  }
                ]
              }
            ],
            "carried_out_by": [
              {
                "id": "https://lux.collections.yale.edu/data/person/03ed33fa-1b1c-4fe0-9cba-614698dc94cd",
                "type": "Person",
                "_label": "Maker: Unknown"
              }
            ]
          }
        ],
        "timespan": {
        "type": "TimeSpan",
        "identified_by": [
            {
            "type": "Name",
            "content": "ca. 510–38 BC",
            "classified_as": [
                {
                "id": "https://lux.collections.yale.edu/data/concept/5088ec29-065b-4c66-b49e-e61d3c8f3717",
                "type": "Type",
                "_label": "Display Date",
                "equivalent": [
                    {
                    "id": "http://vocab.getty.edu/aat/300404669",
                    "type": "Type",
                    "_label": "Display Date"
                    }
                ]
                }
            ]
            }
        ],
        "begin_of_the_begin": "-510-01-01T00:00:00Z",
        "end_of_the_end": "-38-12-31T23:59:59Z"
      }
    },
    "current_location": {
      "id": "https://dhoxss.linkedmusic.org/linked_art/groups/rumble_museum.json",
      "type": "Place",
      "_label": "Rumble Museum"
    },
    "current_owner": [
      {
        "id": "https://dhoxss.linkedmusic.org/linked_art/groups/rumble_museum.json",
        "type": "Group",
        "_label": "Rumble Museum"
      }
    ],
    "member_of": [
      {
        "id": "https://dhoxss.linkedmusic.org/linked_art/sets/rumble_museum_trade_and_economy_collection.json",
        "type": "Set",
        "_label": "Trade and Economy Collection, Rumble Museum"
      }
    ],
    "referred_to_by": [
      {
        "type": "LinguisticObject",
        "content": "The tetradrachm is an ancient Greek silver coin equivalent to four drachmae. It was in wide circulation from around 510 to around 38 BC.",
        "classified_as": [
          {
            "id": "https://lux.collections.yale.edu/data/concept/b9d84f17-662e-46ef-ab8b-7499717f8337",
            "type": "Type",
            "_label": "Description",
            "equivalent": [
              {
                "id": "http://vocab.getty.edu/aat/300435416",
                "type": "Type",
                "_label": "Description"
              }
            ]
          }
        ]
      }
    ]
  }