{
    "id": "https://dhoxss.linkedmusic.org/linked_art/sets/rumble_museum_trade_and_economy_collection.json",
    "type": "Set",
    "_label": "Trade and Economy Collection, Rumble Museum",
    "@context": "https://linked.art/ns/v1/linked-art.json",
    "used_for": [
      {
        "type": "Activity",
        "_label": "Curating",
        "classified_as": [
          {
            "id": "https://lux.collections.yale.edu/data/concept/6704dc8a-6e72-4282-a50d-1c8ea575ad8f",
            "type": "Type",
            "_label": "Curating",
            "equivalent": [
              {
                "id": "http://vocab.getty.edu/aat/300054277",
                "type": "Type",
                "_label": "Curating"
              }
            ]
          }
        ]
      }
    ],
    "classified_as": [
      {
        "id": "https://lux.collections.yale.edu/data/concept/d5f05be5-33e5-4fab-ad5f-4737d0c56449",
        "type": "Type",
        "_label": "Collection",
        "equivalent": [
          {
            "id": "http://vocab.getty.edu/aat/300025976",
            "type": "Type",
            "_label": "Collection"
          }
        ]
      }
    ],
    "identified_by": [
      {
        "type": "Name",
        "content": "Trade and Economy Collection, Rumble Museum",
        "classified_as": [
          {
            "id": "https://lux.collections.yale.edu/data/concept/f7ef5bb4-e7fb-443d-9c6b-371a23e717ec",
            "type": "Type",
            "_label": "Primary Name",
            "equivalent": [
              {
                "id": "http://vocab.getty.edu/aat/300404670",
                "type": "Type",
                "_label": "Final: Primary Name"
              }
            ]
          }
        ]
      }
    ]
  }