{
  "@context": "https://linked.art/ns/v1/linked-art.json",
  "id": "http://dhoxss.linkedmusic.org/linked_art/objects/ashmolean/AN1896-1908.AE.1844.json",
  "type": "HumanMadeObject",
  "shows": [
    {
      "id": "http://dhoxss.linkedmusic.org/linked_art/objects/ashmolean/AN1896-1908.AE.1844.json",
      "type": "VisualItem",
      "_label": "Statuette of a Bull [Visual Content]"
    }
  ],
  "_label": "Statuette of a Bull [Physical Object]",
  "identified_by": [
    {
      "type": "Name",
      "content": "Statuette of a Bull",
      "language": [
        {
          "id": "https://lux.collections.yale.edu/data/concept/1fda962d-1edc-4fd7-bfa9-0c10e3153449",
          "type": "Language",
          "_label": "English",
          "equivalent": [
            {
              "id": "http://vocab.getty.edu/aat/300388277",
              "type": "Language",
              "_label": "English"
            }
          ]
        }
      ],
      "classified_as": [
        {
          "id": "https://lux.collections.yale.edu/data/concept/f7ef5bb4-e7fb-443d-9c6b-371a23e717ec",
          "type": "Type",
          "_label": "Primary Title",
          "equivalent": [
            {
              "id": "http://vocab.getty.edu/aat/300404670",
              "type": "Type",
              "_label": "Primary Title"
            }
          ]
        }
      ]
    },
    {
      "type": "Identifier",
      "content": "AN1896-1908.AE.1844",
      "assigned_by": [
        {
          "type": "AttributeAssignment"
        }
      ],
      "classified_as": [
        {
          "id": "https://lux.collections.yale.edu/data/concept/3d9696be-0b9a-4a3d-b380-7584fbf96ac7",
          "type": "Type",
          "_label": "Accession Number",
          "equivalent": [
            {
              "id": "http://vocab.getty.edu/aat/300312355",
              "type": "Type",
              "_label": "Accession Number"
            }
          ]
        }
      ]
    }
  ],
  "subject_of": [
    {
      "type": "LinguisticObject",
      "_label": "IIIF v3 manifest",
      "digitally_carried_by": [
        {
          "type": "DigitalObject",
          "_label": "IIIF v3 manifest",
          "format": "application/ld+json",
          "conforms_to": [
            {
              "id": "http://iiif.io/api/presentation/3/context.json",
              "type": "InformationObject"
            }
          ],
          "access_point": [
            {
              "id": "https://dhoxss.linkedmusic.org/iiif/json/ashmolean/AN1896-1908.AE.1844_iiif.json",
              "type": "DigitalObject"
            }
          ],
          "identified_by": [
            {
              "type": "Name",
              "content": "IIIF v3 manifest"
            }
          ]
        }
      ]
    }
  ],
  "produced_by": {
      "part": [
        {
          "type": "Production",
          "classified_as": [
            {
              "id": "https://lux.collections.yale.edu/data/concept/0c588aa8-5c67-47af-babb-479b5f05a2b5",
              "type": "Type",
              "_label": "Maker",
              "equivalent": [
                {
                  "id": "http://vocab.getty.edu/aat/300251917",
                  "type": "Type",
                  "_label": "Maker"
                }
              ]
            }
          ],
          "carried_out_by": [
            {
              "id": "https://lux.collections.yale.edu/data/person/03ed33fa-1b1c-4fe0-9cba-614698dc94cd",
              "type": "Person",
              "_label": "Maker: Unknown"
            }
          ]
        }
      ],
      "timespan": {
      "type": "TimeSpan",
      "identified_by": [
          {
          "type": "Name",
          "content": "Middle Minoan Period (c. 2000 - c. 1600 BC)",
          "classified_as": [
              {
              "id": "https://lux.collections.yale.edu/data/concept/5088ec29-065b-4c66-b49e-e61d3c8f3717",
              "type": "Type",
              "_label": "Display Date",
              "equivalent": [
                  {
                  "id": "http://vocab.getty.edu/aat/300404669",
                  "type": "Type",
                  "_label": "Display Date"
                  }
              ]
              }
          ]
          }
      ],
      "begin_of_the_begin": "",
      "end_of_the_end": ""
    }
  },
  "referred_to_by": [
    {
      "type": "LinguisticObject",
      "content": "2.6 x 1.1 cm l 4.3 cm",
      "classified_as": [
        {
          "id": "https://lux.collections.yale.edu/data/concept/53922f57-dab5-43c5-a527-fc20a63fe128",
          "type": "Type",
          "_label": "Dimension Statement",
          "equivalent": [
            {
              "id": "http://vocab.getty.edu/aat/300435430",
              "type": "Type",
              "_label": "Dimension Statement"
            }
          ],
          "classified_as": [
            {
              "id": "https://lux.collections.yale.edu/data/concept/b079998d-bb47-470a-ad7d-d938bd091f8a",
              "type": "Type",
              "_label": "Brief Text",
              "equivalent": [
                {
                  "id": "http://vocab.getty.edu/aat/300418049",
                  "type": "Type",
                  "_label": "Brief Text"
                }
              ]
            }
          ]
        }
      ]
    }
  ]
}