{
  "@context": "http://iiif.io/api/image/2/context.json",
  "@id": "http://localhost:8080/iiif/example-image-service-2/mother/tiles",
  "profile": [
    "http://iiif.io/api/image/2/level0.json",
    {
      "formats": [
        "jpg"
      ],
      "qualities": [
        "default"
      ]
    }
  ],
  "protocol": "http://iiif.io/api/image",
  "tiles": [
    {
      "scaleFactors": [
        1,
        2,
        4,
        8
      ],
      "width": 256
    }
  ],
  "width": 2345,
  "height": 3000
}
