{
    "id": "https://dhoxss.linkedmusic.org/linked_art/groups/rumble_museum.json",
    "type": "Place",
    "_label": "Rumble Museum",
    "@context": "https://linked.art/ns/v1/linked-art.json",
    "classified_as": [
      {
        "id": "https://dhoxss.linkedmusic.org/linked_art/groups/rumble_museum.json",
        "type": "Type",
        "_label": "Gallery (place)",
        "equivalent": [
          {
            "id": "http://vocab.getty.edu/aat/300240057",
            "type": "Type",
            "_label": "Gallery (place)"
          }
        ]
      }
    ],
    "identified_by": [
      {
        "type": "Name",
        "content": "Rumble Museum",
        "language": [
          {
            "id": "https://lux.collections.yale.edu/data/concept/dfa53b96-4eda-4c9a-b091-10008a726c38",
            "type": "Language",
            "_label": "English",
            "equivalent": [
              {
                "id": "http://vocab.getty.edu/aat/300388277",
                "type": "Language",
                "_label": "English"
              }
            ]
          }
        ],
        "classified_as": [
          {
            "id": "https://lux.collections.yale.edu/data/concept/f7ef5bb4-e7fb-443d-9c6b-371a23e717ec",
            "type": "Type",
            "_label": "Primary Name",
            "equivalent": [
              {
                "id": "http://vocab.getty.edu/aat/300404670",
                "type": "Type",
                "_label": "Primary Name"
              }
            ]
          }
        ]
      }
    ]
  }